banana.png	banana.png
corpse-flower.jpg	corpse-flower.jpg
IMG_1325.JPG	IMG_1325.JPG
Black%20and%20White%20Simple%20Corporate%20Family%20Tree.jpg	Black%20and%20White%20Simple%20Corporate%20Family%20Tree.jpg
arbor-vitae.jpg	arbor-vitae.jpg
cacao.jpg	cacao.jpg
heliconia.jpg	heliconia.jpg
From_Diploid_to_Triploid_new.jpg?raw=true	From_Diploid_to_Triploid_new.jpg?raw=true
United_Fruit_Company_banana_conveyors_LOC_public_domain_Library_of%20Congress_Prints_&_Photographs_Division_Detroit_Publishing_Company_Collection.jpg?raw=true	United_Fruit_Company_banana_conveyors_LOC_public_domain_Library_of%20Congress_Prints_&_Photographs_Division_Detroit_Publishing_Company_Collection.jpg?raw=true
Contrayerva_Header.jpg	Contrayerva_Header.jpg
Drake.jpg	Drake.jpg
Florentine_Codex_Open.jpg	Florentine_Codex_Open.jpg
FC_Coanenepilli.jpg	FC_Coanenepilli.jpg
Contrayerva_specimen.jpg	Contrayerva_specimen.jpg
Fever_water.jpg	Fever_water.jpg
Kew_historic_Corpse_Flower.jpg	Kew_historic_Corpse_Flower.jpg
iunc_CF.jpg	iunc_CF.jpg
crypto_detail0.jpg	crypto_detail0.jpg
crypto-specimen.jpg	crypto-specimen.jpg
crypto-sacred.jpg	crypto-sacred.jpg
crypto-pyramid.jpg	crypto-pyramid.jpg
crypto-avenue.jpg	crypto-avenue.jpg
CedarBridge_05.jpg	CedarBridge_05.jpg
yakushima-map.JPG	yakushima-map.JPG
crypto-community.jpg	crypto-community.jpg
sugi1-01.jpg	sugi1-01.jpg
crypto-lumber.jpg	crypto-lumber.jpg
crypto-size.jpg	crypto-size.jpg
crypto-portugal.jpg	crypto-portugal.jpg
crypto-timbermap.JPG	crypto-timbermap.JPG
Stump_02.jpg	Stump_02.jpg
crypto-pollenmap.JPG	crypto-pollenmap.JPG
tree-shadows.jpg	tree-shadows.jpg
crypto-pollen2.JPG	crypto-pollen2.JPG
crypto-sitevisit.JPG	crypto-sitevisit.JPG
dioscorea-voronoi1.jpg	dioscorea-voronoi1.jpg
dv_herbarium.jpg	dv_herbarium.jpg
Barbasco_root.jpg	Barbasco_root.jpg
dv_rangemap-01.jpg	dv_rangemap-01.jpg
global_range.jpg	global_range.jpg
dios-plants.jpg	dios-plants.jpg
dv_codex1.jpg	dv_codex1.jpg
dv_nova.PNG	dv_nova.PNG
dv_pharma.jpg	dv_pharma.jpg
Dioscorides.jpeg	Dioscorides.jpeg
dv_map2-01-01.jpg	dv_map2-01-01.jpg
Dioscorea_villosa_vine.jpg	Dioscorea_villosa_vine.jpg
orizaba.jpg	orizaba.jpg
metlac.jpg	metlac.jpg
thicket.jpg	thicket.jpg
dv_map3-01-01.jpg	dv_map3-01-01.jpg
pill_places-01.jpg	pill_places-01.jpg
dv_drawing.jpg	dv_drawing.jpg
symbols-08.jpg	symbols-08.jpg
Peony_compounds.jpg	Peony_compounds.jpg
Calcium-Channel-Blocker.jpg	Calcium-Channel-Blocker.jpg
Herniter_Mun%CC%83oz-Amatriai%CC%81n_Close_Proposed_spread_of_cowpea_Copyright_2020_The%20Authors.%20Legume%20Science_published_Wiley_Periodicals_LLC_CC_BY_4.0.jpg?raw=true	Herniter_Mun%CC%83oz-Amatriai%CC%81n_Close_Proposed_spread_of_cowpea_Copyright_2020_The%20Authors.%20Legume%20Science_published_Wiley_Periodicals_LLC_CC_BY_4.0.jpg?raw=true
Cassava_distribution_map_4.jpg	Cassava_distribution_map_4.jpg
IIT_weeded cassava field_Nigeria_Flickr.jpg	IIT_weeded cassava field_Nigeria_Flickr.jpg
SurinamesePeppers_DavidEvers_UseWithAttribution.jpeg?raw=true	SurinamesePeppers_DavidEvers_UseWithAttribution.jpeg?raw=true
Cinnamon_from_Ceylon_with_flowers.jpg	Cinnamon_from_Ceylon_with_flowers.jpg
Swallowtail_Datura_No%20Copyright.png?raw=true	Swallowtail_Datura_No%20Copyright.png?raw=true
Dracaena_Humboldt.jpg?raw=true	Dracaena_Humboldt.jpg?raw=true
IMG_9319.jpg?raw=true	IMG_9319.jpg?raw=true
Les_etu.jpg	Les_etu.jpg
THE_FLOWER_MARKET.jpg	THE_FLOWER_MARKET.jpg
bedding_pelargoniums_explanation.jpg	bedding_pelargoniums_explanation.jpg
Hortalia.jpg	Hortalia.jpg
Victorian_language_of_flowers_.jpg	Victorian_language_of_flowers_.jpg
Jenny_geranium.png	Jenny_geranium.png
11654__Botany_U_1336491.jpeg	11654__Botany_U_1336491.jpeg
banner_Baumann_Hopi_Corn_Indianapolis_Museum_of_Art_In_Copyright_Bridgeman_Images.jpg?raw=true	banner_Baumann_Hopi_Corn_Indianapolis_Museum_of_Art_In_Copyright_Bridgeman_Images.jpg?raw=true
maizemeanings2.jpg	maizemeanings2.jpg
nepenthesrafflessiana_BHL_crop.jpg	nepenthesrafflessiana_BHL_crop.jpg
ZeaMays1_JStor.jpg	ZeaMays1_JStor.jpg
ZeaMays2_JStor.jpg	ZeaMays2_JStor.jpg
Moche_Sipan_neclkace_Photograph_by_Susan_Einstein_courtesy_of_Christopher_Donnan_Ag_Data_Commons.jpg	Moche_Sipan_neclkace_Photograph_by_Susan_Einstein_courtesy_of_Christopher_Donnan_Ag_Data_Commons.jpg
Dr_George_Washington_Carver_US_Depart_Ag_Flickr_public_domain.jpg	Dr_George_Washington_Carver_US_Depart_Ag_Flickr_public_domain.jpg
bookofflowers00kirk_0091-standard-scale-2_00x-gigapixel.jpg?raw=true	bookofflowers00kirk_0091-standard-scale-2_00x-gigapixel.jpg?raw=true
Pelargonium_Chirismap_DavidRumsey.jpg?raw=true	Pelargonium_Chirismap_DavidRumsey.jpg?raw=true
Chiris%20Factory.png	Chiris%20Factory.png
sunflower_College_Human_Ecology_Cornell.jpg	sunflower_College_Human_Ecology_Cornell.jpg
tamarind_leaves_Flicker_CC_BY_SA_2.0.png?raw=true	tamarind_leaves_Flicker_CC_BY_SA_2.0.png?raw=true
GBIF_Kalahari_watermelon_copyright_unknown.png?raw=true	GBIF_Kalahari_watermelon_copyright_unknown.png?raw=true
3_African_American_boys_LOC_No_known_restrictions_on%20publication.jpg?raw=true	3_African_American_boys_LOC_No_known_restrictions_on%20publication.jpg?raw=true
